appid,source,added_at
400,mmg_top_paid,2026-09-07
440,charts_top100,2026-09-07
550,charts_top100,2026-09-07
570,charts_top100,2026-09-07
730,charts_top100,2026-09-07
2600,mmg_top_paid,2026-09-07
2990,mmg_top_paid,2026-09-07
3480,mmg_top_paid,2026-09-07
3590,mmg_top_paid,2026-09-07
4000,charts_top100,2026-09-07
4500,mmg_top_paid,2026-09-07
4700,mmg_top_paid,2026-09-07
6860,mmg_top_paid,2026-09-07
6900,mmg_top_paid,2026-09-07
7940,mmg_top_paid,2026-09-07
8190,mmg_top_paid,2026-09-07
8930,mmg_top_paid,2026-09-07
10090,mmg_top_paid,2026-09-07
10150,mmg_top_paid,2026-09-07
10180,mmg_top_paid,2026-09-07
10195,mmg_top_paid,2026-09-07
10230,mmg_top_paid,2026-09-07
10500,mmg_top_paid,2026-09-07
12130,mmg_top_paid,2026-09-07
12150,mmg_top_paid,2026-09-07
12200,mmg_top_paid,2026-09-07
12210,mmg_top_paid,2026-09-07
12430,mmg_top_paid,2026-09-07
12460,mmg_top_paid,2026-09-07
13520,mmg_top_paid,2026-09-07
15100,mmg_top_paid,2026-09-07
15400,mmg_top_paid,2026-09-07
15620,mmg_top_paid,2026-09-07
17410,mmg_top_paid,2026-09-07
19680,mmg_top_paid,2026-09-07
19900,mmg_top_paid,2026-09-07
20900,mmg_top_paid,2026-09-07
20920,mmg_top_paid,2026-09-07
21000,mmg_top_paid,2026-09-07
21090,mmg_top_paid,2026-09-07
22320,mmg_top_paid,2026-09-07
22330,mmg_top_paid,2026-09-07
22370,mmg_top_paid,2026-09-07
22380,mmg_top_paid,2026-09-07
24240,mmg_top_paid,2026-09-07
32370,mmg_top_paid,2026-09-07
32440,mmg_top_paid,2026-09-07
33230,mmg_top_paid,2026-09-07
34030,mmg_top_paid,2026-09-07
34330,mmg_top_paid,2026-09-07
35140,mmg_top_paid,2026-09-07
38400,mmg_top_paid,2026-09-07
38410,mmg_top_paid,2026-09-07
39140,mmg_top_paid,2026-09-07
40700,mmg_top_paid,2026-09-07
42680,mmg_top_paid,2026-09-07
42700,mmg_top_paid,2026-09-07
45760,mmg_top_paid,2026-09-07
46440,mmg_top_paid,2026-09-07
47780,mmg_top_paid,2026-09-07
47810,mmg_top_paid,2026-09-07
47890,mmg_top_paid,2026-09-07
48000,mmg_top_paid,2026-09-07
48190,mmg_top_paid,2026-09-07
48700,mmg_top_paid,2026-09-07
49520,mmg_top_paid,2026-09-07
49810,mmg_top_paid,2026-09-07
50130,mmg_top_paid,2026-09-07
55150,mmg_top_paid,2026-09-07
63110,mmg_top_paid,2026-09-07
65540,mmg_top_paid,2026-09-07
71250,mmg_top_paid,2026-09-07
72850,mmg_top_paid,2026-09-07
94000,mmg_top_paid,2026-09-07
102200,mmg_top_paid,2026-09-07
105600,charts_top100,2026-09-07
107410,mmg_top_paid,2026-09-07
108600,charts_top100,2026-09-07
108710,mmg_top_paid,2026-09-07
109500,mmg_top_paid,2026-09-07
110800,mmg_top_paid,2026-09-07
113200,mmg_top_paid,2026-09-07
200260,mmg_top_paid,2026-09-07
200510,mmg_top_paid,2026-09-07
201810,mmg_top_paid,2026-09-07
201870,mmg_top_paid,2026-09-07
202730,mmg_top_paid,2026-09-07
202750,mmg_top_paid,2026-09-07
202970,mmg_top_paid,2026-09-07
203140,mmg_top_paid,2026-09-07
203160,mmg_top_paid,2026-09-07
204100,mmg_top_paid,2026-09-07
204450,mmg_top_paid,2026-09-07
205100,mmg_top_paid,2026-09-07
206440,mmg_top_paid,2026-09-07
207610,mmg_top_paid,2026-09-07
207730,mmg_top_paid,2026-09-07
208650,mmg_top_paid,2026-09-07
209000,mmg_top_paid,2026-09-07
210902,mmg_top_paid,2026-09-07
211820,mmg_top_paid,2026-09-07
212680,mmg_top_paid,2026-09-07
213330,mmg_top_paid,2026-09-07
213610,mmg_top_paid,2026-09-07
213670,mmg_top_paid,2026-09-07
214950,mmg_top_paid,2026-09-07
216130,mmg_top_paid,2026-09-07
218620,mmg_top_paid,2026-09-07
219740,mmg_top_paid,2026-09-07
219990,mmg_top_paid,2026-09-07
220240,mmg_top_paid,2026-09-07
220440,mmg_top_paid,2026-09-07
221040,mmg_top_paid,2026-09-07
221100,charts_top100,2026-09-07
221380,mmg_top_paid,2026-09-07
221680,mmg_top_paid,2026-09-07
222480,mmg_top_paid,2026-09-07
223450,mmg_top_paid,2026-09-07
223470,mmg_top_paid,2026-09-07
223850,mmg_top_paid,2026-09-07
225540,mmg_top_paid,2026-09-07
226666,mmg_top_paid,2026-09-07
227300,charts_top100,2026-09-07
228380,mmg_top_paid,2026-09-07
228440,mmg_top_paid,2026-09-07
230290,mmg_top_paid,2026-09-07
230410,charts_top100,2026-09-07
231430,mmg_top_paid,2026-09-07
232090,mmg_top_paid,2026-09-07
233270,mmg_top_paid,2026-09-07
233450,mmg_top_paid,2026-09-07
233510,mmg_top_paid,2026-09-07
233860,mmg_top_paid,2026-09-07
234140,mmg_top_paid,2026-09-07
235070,mmg_top_paid,2026-09-07
235460,mmg_top_paid,2026-09-07
235600,mmg_top_paid,2026-09-07
236390,charts_top100,2026-09-07
236430,mmg_top_paid,2026-09-07
236850,mmg_top_paid,2026-09-07
238010,mmg_top_paid,2026-09-07
238320,mmg_top_paid,2026-09-07
238460,mmg_top_paid,2026-09-07
238910,mmg_top_paid,2026-09-07
240720,mmg_top_paid,2026-09-07
241930,mmg_top_paid,2026-09-07
242050,mmg_top_paid,2026-09-07
242550,mmg_top_paid,2026-09-07
242760,mmg_top_paid,2026-09-07
243470,mmg_top_paid,2026-09-07
244210,charts_top100,2026-09-07
244450,mmg_top_paid,2026-09-07
244850,mmg_top_paid,2026-09-07
246420,mmg_top_paid,2026-09-07
246620,mmg_top_paid,2026-09-07
246900,mmg_top_paid,2026-09-07
246980,mmg_top_paid,2026-09-07
247080,mmg_top_paid,2026-09-07
247350,mmg_top_paid,2026-09-07
247870,mmg_top_paid,2026-09-07
248450,mmg_top_paid,2026-09-07
248800,mmg_top_paid,2026-09-07
249130,mmg_top_paid,2026-09-07
250320,mmg_top_paid,2026-09-07
250900,charts_top100,2026-09-07
251570,charts_top100,2026-09-07
252070,mmg_top_paid,2026-09-07
252390,mmg_top_paid,2026-09-07
252490,charts_top100,2026-09-07
252950,charts_top100,2026-09-07
253230,mmg_top_paid,2026-09-07
253370,mmg_top_paid,2026-09-07
254590,mmg_top_paid,2026-09-07
254700,mmg_top_paid,2026-09-07
255260,mmg_top_paid,2026-09-07
255370,mmg_top_paid,2026-09-07
255710,mmg_top_paid,2026-09-07
256030,mmg_top_paid,2026-09-07
257850,mmg_top_paid,2026-09-07
259040,mmg_top_paid,2026-09-07
259041,mmg_top_paid,2026-09-07
259410,mmg_top_paid,2026-09-07
259640,mmg_top_paid,2026-09-07
259700,mmg_top_paid,2026-09-07
259720,mmg_top_paid,2026-09-07
260230,mmg_top_paid,2026-09-07
261030,mmg_top_paid,2026-09-07
261550,charts_top100,2026-09-07
262060,mmg_top_paid,2026-09-07
262750,mmg_top_paid,2026-09-07
263340,mmg_top_paid,2026-09-07
263920,mmg_top_paid,2026-09-07
264220,mmg_top_paid,2026-09-07
264540,mmg_top_paid,2026-09-07
264710,mmg_top_paid,2026-09-07
265930,mmg_top_paid,2026-09-07
266090,mmg_top_paid,2026-09-07
266230,mmg_top_paid,2026-09-07
266410,mmg_top_paid,2026-09-07
267610,mmg_top_paid,2026-09-07
268050,mmg_top_paid,2026-09-07
268670,mmg_top_paid,2026-09-07
269950,mmg_top_paid,2026-09-07
271570,mmg_top_paid,2026-09-07
271590,charts_top100,2026-09-07
273030,mmg_top_paid,2026-09-07
273770,mmg_top_paid,2026-09-07
274170,mmg_top_paid,2026-09-07
274190,mmg_top_paid,2026-09-07
274520,mmg_top_paid,2026-09-07
275850,mmg_top_paid,2026-09-07
277739,mmg_top_paid,2026-09-07
277910,mmg_top_paid,2026-09-07
278620,mmg_top_paid,2026-09-07
279540,mmg_top_paid,2026-09-07
280680,mmg_top_paid,2026-09-07
280830,mmg_top_paid,2026-09-07
281840,mmg_top_paid,2026-09-07
281990,mmg_top_paid,2026-09-07
282140,mmg_top_paid,2026-09-07
283660,mmg_top_paid,2026-09-07
284160,charts_top100,2026-09-07
285070,mmg_top_paid,2026-09-07
285190,mmg_top_paid,2026-09-07
285840,mmg_top_paid,2026-09-07
285900,mmg_top_paid,2026-09-07
285920,mmg_top_paid,2026-09-07
286160,mmg_top_paid,2026-09-07
287290,mmg_top_paid,2026-09-07
287390,mmg_top_paid,2026-09-07
287700,mmg_top_paid,2026-09-07
288020,mmg_top_paid,2026-09-07
288160,mmg_top_paid,2026-09-07
289070,charts_top100,2026-09-07
289650,mmg_top_paid,2026-09-07
290000,mmg_top_paid,2026-09-07
290490,mmg_top_paid,2026-09-07
291250,mmg_top_paid,2026-09-07
291370,mmg_top_paid,2026-09-07
291550,charts_top100,2026-09-07
291630,mmg_top_paid,2026-09-07
291770,mmg_top_paid,2026-09-07
291930,mmg_top_paid,2026-09-07
292000,mmg_top_paid,2026-09-07
292030,charts_top100,2026-09-07
292120,mmg_top_paid,2026-09-07
292570,mmg_top_paid,2026-09-07
292620,mmg_top_paid,2026-09-07
292730,mmg_top_paid,2026-09-07
292880,mmg_top_paid,2026-09-07
293480,mmg_top_paid,2026-09-07
293760,mmg_top_paid,2026-09-07
293880,mmg_top_paid,2026-09-07
293940,mmg_top_paid,2026-09-07
294100,charts_top100,2026-09-07
295670,mmg_top_paid,2026-09-07
295770,mmg_top_paid,2026-09-07
296550,mmg_top_paid,2026-09-07
297000,mmg_top_paid,2026-09-07
297720,mmg_top_paid,2026-09-07
298110,mmg_top_paid,2026-09-07
299600,mmg_top_paid,2026-09-07
300570,watchlist,2026-09-09
302010,mmg_top_paid,2026-09-07
302510,mmg_top_paid,2026-09-07
302670,mmg_top_paid,2026-09-07
303800,mmg_top_paid,2026-09-07
304240,mmg_top_paid,2026-09-07
304390,mmg_top_paid,2026-09-07
306130,mmg_top_paid,2026-09-07
306370,mmg_top_paid,2026-09-07
307010,mmg_top_paid,2026-09-07
307690,mmg_top_paid,2026-09-07
307780,mmg_top_paid,2026-09-07
311210,featured_specials,2026-09-07
311560,mmg_top_paid,2026-09-07
311690,mmg_top_paid,2026-09-07
312360,mmg_top_paid,2026-09-07
312520,mmg_top_paid,2026-09-07
313040,mmg_top_paid,2026-09-07
313120,mmg_top_paid,2026-09-07
313620,mmg_top_paid,2026-09-07
313690,mmg_top_paid,2026-09-07
313980,mmg_top_paid,2026-09-07
314240,mmg_top_paid,2026-09-07
314650,mmg_top_paid,2026-09-07
317530,mmg_top_paid,2026-09-07
317660,mmg_top_paid,2026-09-07
318690,mmg_top_paid,2026-09-07
319510,mmg_top_paid,2026-09-07
321150,mmg_top_paid,2026-09-07
322022,mmg_top_paid,2026-09-07
322170,charts_top100,2026-09-07
322330,charts_top100,2026-09-07
322500,mmg_top_paid,2026-09-07
323190,mmg_top_paid,2026-09-07
323490,mmg_top_paid,2026-09-07
324800,mmg_top_paid,2026-09-07
325060,mmg_top_paid,2026-09-07
325610,mmg_top_paid,2026-09-07
325990,mmg_top_paid,2026-09-07
327260,mmg_top_paid,2026-09-07
327310,mmg_top_paid,2026-09-07
327830,mmg_top_paid,2026-09-07
328220,mmg_top_paid,2026-09-07
329050,mmg_top_paid,2026-09-07
330020,mmg_top_paid,2026-09-07
330270,mmg_top_paid,2026-09-07
330770,mmg_top_paid,2026-09-07
331220,mmg_top_paid,2026-09-07
332800,mmg_top_paid,2026-09-07
333420,mmg_top_paid,2026-09-07
333640,mmg_top_paid,2026-09-08
335050,mmg_top_paid,2026-09-08
335830,mmg_top_paid,2026-09-08
337270,mmg_top_paid,2026-09-08
337320,mmg_top_paid,2026-09-08
337680,mmg_top_paid,2026-09-08
338120,mmg_top_paid,2026-09-08
339210,mmg_top_paid,2026-09-08
339340,mmg_top_paid,2026-09-08
340280,mmg_top_paid,2026-09-08
342560,mmg_top_paid,2026-09-08
345010,mmg_top_paid,2026-09-08
345060,mmg_top_paid,2026-09-08
346010,mmg_top_paid,2026-09-08
346110,mmg_top_paid,2026-09-08
348290,mmg_top_paid,2026-09-08
350080,mmg_top_paid,2026-09-08
350500,mmg_top_paid,2026-09-08
350600,mmg_top_paid,2026-09-08
352950,mmg_top_paid,2026-09-08
356180,mmg_top_paid,2026-09-08
356190,mmg_top_paid,2026-09-08
356570,mmg_top_paid,2026-09-08
356960,mmg_top_paid,2026-09-08
358770,mmg_top_paid,2026-09-08
359320,mmg_top_paid,2026-09-08
359550,charts_top100,2026-09-07
359870,mmg_top_paid,2026-09-08
359920,mmg_top_paid,2026-09-08
360550,mmg_top_paid,2026-09-08
361290,mmg_top_paid,2026-09-08
361420,mmg_top_paid,2026-09-08
361843,mmg_top_paid,2026-09-08
362680,mmg_top_paid,2026-09-08
362810,mmg_top_paid,2026-09-08
362890,mmg_top_paid,2026-09-08
363520,mmg_top_paid,2026-09-08
363950,mmg_top_paid,2026-09-08
365360,mmg_top_paid,2026-09-08
365450,mmg_top_paid,2026-09-08
365590,mmg_top_paid,2026-09-08
367080,mmg_top_paid,2026-09-08
367110,mmg_top_paid,2026-09-08
367500,mmg_top_paid,2026-09-08
367520,mmg_top_paid,2026-09-08
368260,mmg_top_paid,2026-09-08
368500,mmg_top_paid,2026-09-08
371200,mmg_top_paid,2026-09-08
371660,mmg_top_paid,2026-09-08
371970,mmg_top_paid,2026-09-08
373420,mmg_top_paid,2026-09-08
374320,mmg_top_paid,2026-09-08
375180,mmg_top_paid,2026-09-08
375750,mmg_top_paid,2026-09-08
376210,mmg_top_paid,2026-09-08
376920,mmg_top_paid,2026-09-08
377140,mmg_top_paid,2026-09-08
377160,mmg_top_paid,2026-09-08
377840,mmg_top_paid,2026-09-08
379430,mmg_top_paid,2026-09-08
379542,mmg_top_paid,2026-09-08
379720,mmg_top_paid,2026-09-08
380670,mmg_top_paid,2026-09-08
381210,charts_top100,2026-09-07
381750,mmg_top_paid,2026-09-08
383120,mmg_top_paid,2026-09-08
383150,mmg_top_paid,2026-09-08
383870,mmg_top_paid,2026-09-08
383980,mmg_top_paid,2026-09-08
384190,mmg_top_paid,2026-09-08
384300,mmg_top_paid,2026-09-08
384750,mmg_top_paid,2026-09-08
386940,mmg_top_paid,2026-09-08
387290,mmg_top_paid,2026-09-08
387990,mmg_top_paid,2026-09-08
388090,mmg_top_paid,2026-09-08
389050,mmg_top_paid,2026-09-08
389730,mmg_top_paid,2026-09-08
390880,mmg_top_paid,2026-09-08
391160,mmg_top_paid,2026-09-08
391220,mmg_top_paid,2026-09-08
391540,mmg_top_paid,2026-09-08
392160,mmg_top_paid,2026-09-08
392260,mmg_top_paid,2026-09-08
393080,mmg_top_paid,2026-09-08
393380,mmg_top_paid,2026-09-08
393920,mmg_top_paid,2026-09-08
394360,charts_top100,2026-09-07
396090,mmg_top_paid,2026-09-08
396230,mmg_top_paid,2026-09-08
396860,mmg_top_paid,2026-09-08
397540,mmg_top_paid,2026-09-08
397570,mmg_top_paid,2026-09-08
397740,mmg_top_paid,2026-09-08
397950,mmg_top_paid,2026-09-08
398180,mmg_top_paid,2026-09-08
399780,mmg_top_paid,2026-09-08
400660,mmg_top_paid,2026-09-08
400750,mmg_top_paid,2026-09-08
401680,mmg_top_paid,2026-09-08
401890,mmg_top_paid,2026-09-08
403640,mmg_top_paid,2026-09-08
403980,mmg_top_paid,2026-09-08
410340,mmg_top_paid,2026-09-08
411080,mmg_top_paid,2026-09-08
411760,mmg_top_paid,2026-09-08
412020,mmg_top_paid,2026-09-08
412050,mmg_top_paid,2026-09-08
412830,mmg_top_paid,2026-09-08
413150,charts_top100,2026-09-07
413420,mmg_top_paid,2026-09-08
414120,mmg_top_paid,2026-09-08
414340,mmg_top_paid,2026-09-08
415680,mmg_top_paid,2026-09-08
416360,mmg_top_paid,2026-09-08
416640,mmg_top_paid,2026-09-08
418150,mmg_top_paid,2026-09-08
418370,mmg_top_paid,2026-09-08
418460,mmg_top_paid,2026-09-08
420530,mmg_top_paid,2026-09-08
420550,mmg_top_paid,2026-09-08
420850,mmg_top_paid,2026-09-08
420950,mmg_top_paid,2026-09-08
421190,mmg_top_paid,2026-09-08
422860,mmg_top_paid,2026-09-08
423610,mmg_top_paid,2026-09-08
423810,mmg_top_paid,2026-09-08
424030,mmg_top_paid,2026-09-08
425580,mmg_top_paid,2026-09-08
425770,mmg_top_paid,2026-09-08
427290,mmg_top_paid,2026-09-08
427730,mmg_top_paid,2026-09-08
427950,mmg_top_paid,2026-09-08
427980,mmg_top_paid,2026-09-08
428200,mmg_top_paid,2026-09-08
429050,mmg_top_paid,2026-09-08
430410,mmg_top_paid,2026-09-08
431120,mmg_top_paid,2026-09-08
431240,mmg_top_paid,2026-09-08
431621,mmg_top_paid,2026-09-08
431730,mmg_top_paid,2026-09-08
431960,charts_top100,2026-09-07
433340,mmg_top_paid,2026-09-08
433600,mmg_top_paid,2026-09-08
434190,mmg_top_paid,2026-09-08
434370,mmg_top_paid,2026-09-08
434570,mmg_top_paid,2026-09-08
434880,mmg_top_paid,2026-09-08
435150,mmg_top_paid,2026-09-08
436260,mmg_top_paid,2026-09-08
437870,mmg_top_paid,2026-09-08
438100,charts_top100,2026-09-07
440900,mmg_top_paid,2026-09-08
443650,mmg_top_paid,2026-09-08
444580,mmg_top_paid,2026-09-08
445690,mmg_top_paid,2026-09-08
445800,mmg_top_paid,2026-09-08
447040,mmg_top_paid,2026-09-08
449510,mmg_top_paid,2026-09-08
449960,mmg_top_paid,2026-09-08
454650,mmg_top_paid,2026-09-08
456170,mmg_top_paid,2026-09-08
457140,mmg_top_paid,2026-09-08
458630,mmg_top_paid,2026-09-08
460790,mmg_top_paid,2026-09-08
460920,mmg_top_paid,2026-09-08
460930,mmg_top_paid,2026-09-08
460950,mmg_top_paid,2026-09-08
461210,mmg_top_paid,2026-09-08
462780,mmg_top_paid,2026-09-08
463160,mmg_top_paid,2026-09-08
463530,mmg_top_paid,2026-09-08
463791,mmg_top_paid,2026-09-08
463795,mmg_top_paid,2026-09-08
464920,mmg_top_paid,2026-09-08
465760,mmg_top_paid,2026-09-08
466560,mmg_top_paid,2026-09-08
467680,mmg_top_paid,2026-09-08
467820,mmg_top_paid,2026-09-08
469600,mmg_top_paid,2026-09-08
470220,mmg_top_paid,2026-09-08
473450,mmg_top_paid,2026-09-08
473970,mmg_top_paid,2026-09-08
475150,mmg_top_paid,2026-09-08
475550,mmg_top_paid,2026-09-08
477160,mmg_top_paid,2026-09-08
480480,mmg_top_paid,2026-09-08
480490,mmg_top_paid,2026-09-08
481510,mmg_top_paid,2026-09-08
482400,mmg_top_paid,2026-09-08
484350,mmg_top_paid,2026-09-08
485510,mmg_top_paid,2026-09-08
486510,mmg_top_paid,2026-09-08
486690,mmg_top_paid,2026-09-08
488760,mmg_top_paid,2026-09-08
488790,mmg_top_paid,2026-09-08
488860,mmg_top_paid,2026-09-08
489830,charts_top100,2026-09-07
490110,mmg_top_paid,2026-09-08
491540,mmg_top_paid,2026-09-08
492720,mmg_top_paid,2026-09-08
493340,mmg_top_paid,2026-09-08
493490,mmg_top_paid,2026-09-08
493520,mmg_top_paid,2026-09-08
494810,mmg_top_paid,2026-09-08
494840,mmg_top_paid,2026-09-08
495420,mmg_top_paid,2026-09-08
495980,mmg_top_paid,2026-09-08
498190,mmg_top_paid,2026-09-08
498240,mmg_top_paid,2026-09-08
499910,mmg_top_paid,2026-09-08
501300,mmg_top_paid,2026-09-08
502500,mmg_top_paid,2026-09-08
503340,mmg_top_paid,2026-09-08
503370,mmg_top_paid,2026-09-08
504230,mmg_top_paid,2026-09-08
508440,mmg_top_paid,2026-09-08
509980,mmg_top_paid,2026-09-08
510930,mmg_top_paid,2026-09-08
512220,mmg_top_paid,2026-09-08
514290,mmg_top_paid,2026-09-08
516750,mmg_top_paid,2026-09-08
517130,mmg_top_paid,2026-09-08
518790,mmg_top_paid,2026-09-08
521630,mmg_top_paid,2026-09-08
521890,mmg_top_paid,2026-09-08
522120,mmg_top_paid,2026-09-08
523710,mmg_top_paid,2026-09-08
523770,mmg_top_paid,2026-09-08
524330,mmg_top_paid,2026-09-08
525640,mmg_top_paid,2026-09-08
526160,mmg_top_paid,2026-09-08
526870,watchlist,2026-09-09
527070,mmg_top_paid,2026-09-08
527230,mmg_top_paid,2026-09-08
528160,mmg_top_paid,2026-09-08
529340,mmg_top_paid,2026-09-08
530540,mmg_top_paid,2026-09-08
530711,mmg_top_paid,2026-09-08
531510,mmg_top_paid,2026-09-08
532290,mmg_top_paid,2026-09-08
532920,mmg_top_paid,2026-09-08
533850,mmg_top_paid,2026-09-08
534380,watchlist,2026-09-09
536220,mmg_top_paid,2026-09-08
539320,mmg_top_paid,2026-09-08
540060,mmg_top_paid,2026-09-08
541570,mmg_top_paid,2026-09-08
542660,mmg_top_paid,2026-09-08
543100,mmg_top_paid,2026-09-08
548430,mmg_top_paid,2026-09-08
548480,mmg_top_paid,2026-09-08
552100,mmg_top_paid,2026-09-08
553420,mmg_top_paid,2026-09-08
553850,charts_top100,2026-09-07
554750,mmg_top_paid,2026-09-08
556213,mmg_top_paid,2026-09-08
557600,mmg_top_paid,2026-09-08
560710,mmg_top_paid,2026-09-08
561000,mmg_top_paid,2026-09-08
567380,mmg_top_paid,2026-09-08
568220,mmg_top_paid,2026-09-08
569480,mmg_top_paid,2026-09-08
570000,mmg_top_paid,2026-09-08
570220,mmg_top_paid,2026-09-08
571010,mmg_top_paid,2026-09-08
571310,mmg_top_paid,2026-09-08
573090,mmg_top_paid,2026-09-08
575010,mmg_top_paid,2026-09-08
575600,mmg_top_paid,2026-09-08
575680,mmg_top_paid,2026-09-08
577350,mmg_top_paid,2026-09-08
577351,mmg_top_paid,2026-09-08
577354,mmg_top_paid,2026-09-08
577355,mmg_top_paid,2026-09-08
577356,mmg_top_paid,2026-09-08
577358,mmg_top_paid,2026-09-08
578080,charts_top100,2026-09-07
578330,mmg_top_paid,2026-09-08
578650,mmg_top_paid,2026-09-08
578800,mmg_top_paid,2026-09-08
582010,mmg_top_paid,2026-09-08
584400,mmg_top_paid,2026-09-08
584930,mmg_top_paid,2026-09-08
585420,mmg_top_paid,2026-09-08
588030,mmg_top_paid,2026-09-08
589290,mmg_top_paid,2026-09-08
589590,mmg_top_paid,2026-09-08
590380,mmg_top_paid,2026-09-08
590970,mmg_top_paid,2026-09-08
592372,mmg_top_paid,2026-09-08
592373,mmg_top_paid,2026-09-08
593280,mmg_top_paid,2026-09-08
593490,mmg_top_paid,2026-09-08
593530,mmg_top_paid,2026-09-08
594650,charts_top100,2026-09-07
595420,mmg_top_paid,2026-09-08
595550,mmg_top_paid,2026-09-08
597170,mmg_top_paid,2026-09-08
598690,mmg_top_paid,2026-09-08
599140,mmg_top_paid,2026-09-08
601150,mmg_top_paid,2026-09-08
601380,mmg_top_paid,2026-09-08
601430,mmg_top_paid,2026-09-08
602960,mmg_top_paid,2026-09-08
603850,mmg_top_paid,2026-09-08
603940,mmg_top_paid,2026-09-08
605770,mmg_top_paid,2026-09-08
606150,mmg_top_paid,2026-09-08
606280,mmg_top_paid,2026-09-08
714010,charts_top100,2026-09-07
739630,charts_top100,2026-09-07
813780,charts_top100,2026-09-07
892970,charts_top100,2026-09-07
945360,charts_top100,2026-09-07
960090,charts_top100,2026-09-07
972760,featured_new_releases,2026-09-08
1030300,watchlist,2026-09-09
1085660,charts_top100,2026-09-07
1086940,charts_top100,2026-09-07
1091500,charts_top100,2026-09-07
1142710,charts_top100,2026-09-07
1144200,charts_top100,2026-09-07
1158310,charts_top100,2026-09-07
1172470,charts_top100,2026-09-07
1174180,charts_top100,2026-09-07
1203220,charts_top100,2026-09-07
1203620,featured_specials,2026-09-07
1222670,charts_top100,2026-09-07
1245620,charts_top100,2026-09-07
1281930,charts_top100,2026-09-07
1326470,charts_top100,2026-09-07
1364780,charts_top100,2026-09-07
1366800,charts_top100,2026-09-07
1422450,charts_top100,2026-09-07
1449850,charts_top100,2026-09-07
1488490,watchlist,2026-09-09
1510440,featured_new_releases,2026-09-08
1623730,charts_top100,2026-09-07
1643320,charts_top100,2026-09-07
1665460,charts_top100,2026-09-07
1666480,watchlist,2026-09-09
1675200,featured_top_sellers,2026-09-08
1746527,featured_top_sellers,2026-09-07
1790620,featured_coming_soon,2026-09-07
1798230,watchlist,2026-09-09
1808500,charts_top100,2026-09-07
1867240,featured_top_sellers,2026-09-07
1903340,watchlist,2026-09-09
1905180,charts_top100,2026-09-07
1938090,charts_top100,2026-09-07
1973530,charts_top100,2026-09-07
2068500,featured_new_releases,2026-09-08
2073620,charts_top100,2026-09-07
2073850,charts_top100,2026-09-07
2075800,charts_top100,2026-09-07
2139460,charts_top100,2026-09-07
2183900,charts_top100,2026-09-07
2246340,charts_top100,2026-09-07
2300320,charts_top100,2026-09-07
2357570,charts_top100,2026-09-07
2358720,charts_top100,2026-09-07
2397320,featured_new_releases,2026-09-08
2399830,charts_top100,2026-09-07
2406770,charts_top100,2026-09-07
2483190,charts_top100,2026-09-07
2507950,charts_top100,2026-09-07
2518490,featured_coming_soon,2026-09-07
2595260,watchlist,2026-09-09
2622380,charts_top100,2026-09-07
2638890,charts_top100,2026-09-07
2676230,charts_top100,2026-09-07
2694490,charts_top100,2026-09-07
2767030,charts_top100,2026-09-07
2807960,charts_top100,2026-09-07
2868840,charts_top100,2026-09-07
2909400,watchlist,2026-09-09
2998920,featured_new_releases,2026-09-07
3008130,watchlist,2026-09-09
3065360,featured_new_releases,2026-09-08
3090620,featured_new_releases,2026-09-08
3170490,featured_new_releases,2026-09-08
3219630,featured_top_sellers,2026-09-07
3240220,charts_top100,2026-09-07
3241660,charts_top100,2026-09-07
3265560,featured_coming_soon,2026-09-08
3321460,charts_top100,2026-09-07
3357650,featured_specials,2026-09-08
3375110,featured_new_releases,2026-09-07
3405690,charts_top100,2026-09-07
3419430,charts_top100,2026-09-07
3472040,charts_top100,2026-09-07
3484940,featured_new_releases,2026-09-07
3513350,charts_top100,2026-09-07
3527290,charts_top100,2026-09-07
3528840,featured_new_releases,2026-09-08
3549150,featured_new_releases,2026-09-07
3551340,charts_top100,2026-09-07
3624140,featured_specials,2026-09-08
3664070,featured_coming_soon,2026-09-07
3678970,charts_top100,2026-09-07
3702540,featured_coming_soon,2026-09-08
3706620,featured_new_releases,2026-09-07
3734150,featured_new_releases,2026-09-07
3748520,featured_new_releases,2026-09-08
3751260,charts_top100,2026-09-07
3764200,featured_specials,2026-09-08
3794210,featured_new_releases,2026-09-08
3846440,featured_new_releases,2026-09-07
3919340,featured_new_releases,2026-09-07
3951340,featured_new_releases,2026-09-08
4001890,charts_top100,2026-09-07
4104890,featured_new_releases,2026-09-07
4132960,featured_coming_soon,2026-09-07
4134650,featured_new_releases,2026-09-07
4162040,charts_top100,2026-09-08
4165910,featured_top_sellers,2026-09-07
4214830,featured_coming_soon,2026-09-08
4235980,featured_new_releases,2026-09-08
4246710,featured_coming_soon,2026-09-07
4283250,featured_new_releases,2026-09-08
4295100,featured_coming_soon,2026-09-08
4304820,featured_new_releases,2026-09-07
4327050,featured_new_releases,2026-09-07
4391650,featured_new_releases,2026-09-07
4422500,featured_new_releases,2026-09-07
4466880,featured_new_releases,2026-09-07
4505150,featured_coming_soon,2026-09-07
4516900,featured_new_releases,2026-09-08
4528250,featured_new_releases,2026-09-08
4656000,charts_top100,2026-09-07
4677560,featured_new_releases,2026-09-07
4681980,featured_new_releases,2026-09-07
4704690,charts_top100,2026-09-07
4718740,featured_new_releases,2026-09-07
4741230,featured_coming_soon,2026-09-08
4795720,featured_new_releases,2026-09-08
4797280,featured_coming_soon,2026-09-08
4809930,charts_top100,2026-09-07
4815800,featured_new_releases,2026-09-08
4820770,featured_new_releases,2026-09-08
4829380,featured_new_releases,2026-09-08
4843710,featured_coming_soon,2026-09-07
4900990,featured_new_releases,2026-09-08
4907420,featured_new_releases,2026-09-07
4932290,featured_new_releases,2026-09-07
4945040,featured_new_releases,2026-09-07
4947410,featured_new_releases,2026-09-08
4977940,featured_new_releases,2026-09-08
4992680,featured_new_releases,2026-09-07
4993840,featured_new_releases,2026-09-08
5001300,featured_new_releases,2026-09-07
5005100,featured_new_releases,2026-09-07
5008480,featured_new_releases,2026-09-08
5016700,featured_new_releases,2026-09-07
5026320,featured_new_releases,2026-09-08
5033210,featured_new_releases,2026-09-08
5042310,featured_new_releases,2026-09-08
5048180,featured_coming_soon,2026-09-08
5059870,featured_new_releases,2026-09-08
5068650,featured_new_releases,2026-09-07
5070180,featured_new_releases,2026-09-07
5083730,featured_coming_soon,2026-09-08
5096220,featured_new_releases,2026-09-07
5097840,featured_new_releases,2026-09-07
5107680,featured_coming_soon,2026-09-07
5110470,featured_coming_soon,2026-09-08
5113110,featured_new_releases,2026-09-08
5130890,featured_coming_soon,2026-09-07
5141710,featured_new_releases,2026-09-07
5174670,featured_coming_soon,2026-09-07
5177990,featured_coming_soon,2026-09-08
